{"cameraMode":{"drawMode":0,"name":"Shaded","section":"Shading Mode"},"sceneLighting":false,"audioPlay":false,"sceneViewState":{"m_AlwaysRefresh":false,"showFog":true,"showSkybox":true,"showFlares":true,"showImageEffects":true,"showParticleSystems":true,"showVisualEffectGraphs":true,"m_FxEnabled":true},"in2DMode":false,"pivot":{"x":387.2046813964844,"y":4.66957950592041,"z":506.5743713378906},"rotation":{"x":0.17163950204849244,"y":0.007389017380774021,"z":-0.0012886944459751249,"w":0.9851195812225342},"size":2.8486273288726808,"orthographic":false}