{"cameraMode":{"drawMode":0,"name":"Shaded","section":"Shading Mode"},"sceneLighting":false,"audioPlay":false,"sceneViewState":{"m_AlwaysRefresh":false,"showFog":true,"showSkybox":false,"showFlares":true,"showImageEffects":true,"showParticleSystems":true,"showVisualEffectGraphs":true,"m_FxEnabled":true},"in2DMode":false,"pivot":{"x":-0.0021071434020996095,"y":1.5944557189941407,"z":-0.4412403106689453},"rotation":{"x":0.3413035273551941,"y":-0.07601957023143769,"z":0.027704903855919839,"w":0.9364572167396545},"size":7.566537380218506,"orthographic":false}